{
    "Total Sales": 21018477.05390051,
    "Total Profit": 3784481.298801204,
    "Total Orders": 15000,
    "Avg Order Value": 1401.2318035933674,
    "Profit Margin": 18.00549720655854
}