{
    "SARIMA": {
        "Model": "SARIMA",
        "RMSE": 7793.185021432885,
        "MAE": 6395.176507300215,
        "MAPE": 0.4771728359583433
    },
    "Prophet": {
        "Model": "Prophet",
        "RMSE": 7238.9179459979105,
        "MAE": 5754.732322306067,
        "MAPE": 0.44995231880330433
    }
}